{"cameraMode":{"drawMode":0,"name":"Shaded","section":"Shading Mode"},"sceneLighting":true,"audioPlay":false,"sceneViewState":{"m_AlwaysRefresh":false,"showFog":true,"showSkybox":true,"showFlares":true,"showImageEffects":true,"showParticleSystems":true,"showVisualEffectGraphs":true,"m_FxEnabled":true},"in2DMode":false,"pivot":{"x":-1.676081657409668,"y":1.3970024585723878,"z":-9.399999618530274},"rotation":{"x":-0.0002730565029196441,"y":0.9737088084220886,"z":-0.22779206931591035,"w":-0.0011678155278787017},"size":20.70524024963379,"orthographic":false}